{"meta":{"version":1,"warehouse":"2.2.0"},"models":{"Asset":[{"_id":"themes/pure/source/favicon.png","path":"favicon.png","modified":1,"renderable":1},{"_id":"themes/pure/source/fonts/README.md","path":"fonts/README.md","modified":1,"renderable":1},{"_id":"themes/pure/source/fonts/iconfont.eot","path":"fonts/iconfont.eot","modified":1,"renderable":1},{"_id":"themes/pure/source/fonts/iconfont.woff","path":"fonts/iconfont.woff","modified":1,"renderable":1},{"_id":"themes/pure/source/fonts/iconfont.ttf","path":"fonts/iconfont.ttf","modified":1,"renderable":1},{"_id":"themes/pure/source/images/avatar.jpg","path":"images/avatar.jpg","modified":1,"renderable":1},{"_id":"themes/pure/source/images/thumb-default.png","path":"images/thumb-default.png","modified":1,"renderable":1},{"_id":"themes/pure/source/images/xingqiu-qrcode.jpg","path":"images/xingqiu-qrcode.jpg","modified":1,"renderable":1},{"_id":"themes/pure/source/js/application.js","path":"js/application.js","modified":1,"renderable":1},{"_id":"themes/pure/source/js/application.min.js","path":"js/application.min.js","modified":1,"renderable":1},{"_id":"themes/pure/source/js/insight.js","path":"js/insight.js","modified":1,"renderable":1},{"_id":"themes/pure/source/js/plugin.js","path":"js/plugin.js","modified":1,"renderable":1},{"_id":"themes/pure/source/js/plugin.min.js","path":"js/plugin.min.js","modified":1,"renderable":1},{"_id":"themes/pure/source/css/style.min.css","path":"css/style.min.css","modified":1,"renderable":1},{"_id":"themes/pure/source/images/donate/alipayimg.png","path":"images/donate/alipayimg.png","modified":1,"renderable":1},{"_id":"themes/pure/source/images/donate/wechatpayimg.png","path":"images/donate/wechatpayimg.png","modified":1,"renderable":1},{"_id":"themes/pure/source/images/favatar/SzsFox-logo.png","path":"images/favatar/SzsFox-logo.png","modified":1,"renderable":1},{"_id":"themes/pure/source/images/favatar/chuangzaoshi-logo.png","path":"images/favatar/chuangzaoshi-logo.png","modified":1,"renderable":1},{"_id":"themes/pure/source/images/favatar/idesign-logo.png","path":"images/favatar/idesign-logo.png","modified":1,"renderable":1},{"_id":"themes/pure/source/js/jquery.min.js","path":"js/jquery.min.js","modified":1,"renderable":1},{"_id":"themes/pure/source/js/plugin.js.map","path":"js/plugin.js.map","modified":1,"renderable":1},{"_id":"themes/pure/source/css/style.css","path":"css/style.css","modified":1,"renderable":1},{"_id":"themes/pure/source/fonts/iconfont.svg","path":"fonts/iconfont.svg","modified":1,"renderable":1}],"Cache":[{"_id":"themes/pure/.gitignore","hash":"dbb41a2f30c98cb9de173d82736c46266c901cda","modified":1567138467322},{"_id":"themes/pure/LICENSE","hash":"c480fce396b23997ee23cc535518ffaaf7f458f8","modified":1567138467323},{"_id":"themes/pure/README.cn.md","hash":"a634af4addbb57088935e060e8ec6035ea7bab76","modified":1567138467323},{"_id":"themes/pure/README.md","hash":"5861cec81712af9197a210fd5212d007aad8b0de","modified":1567138467324},{"_id":"themes/pure/_config.yml","hash":"7d70a817972b671014ce44b9058792d15ba65471","modified":1567138467324},{"_id":"themes/pure/_config.yml.example","hash":"4714f87fdb6d4a6ea5ece84f4fe37f922337f14d","modified":1567138467324},{"_id":"themes/pure/package.json","hash":"a61723eead5cae2c4d9f0f05cf40d2de7c286fee","modified":1567138467439},{"_id":"themes/pure/.git/HEAD","hash":"acbaef275e46a7f14c1ef456fff2c8bbe8c84724","modified":1567138467291},{"_id":"themes/pure/.git/config","hash":"7ec6421043b0f1135362e6c04e1f42251478e733","modified":1567138467293},{"_id":"source/_posts/hello-world.md","hash":"8a02477044e2b77f1b262da2c48c01429e4a32e4","modified":1567135354241},{"_id":"themes/pure/.git/description","hash":"9635f1b7e12c045212819dd934d809ef07efa2f4","modified":1567138467294},{"_id":"themes/pure/.git/index","hash":"690b450d5ba0ab8f661255e4dce836c42a210d91","modified":1567138467302},{"_id":"themes/pure/.git/packed-refs","hash":"42f024248c0351deb4ab89bd8614290c2155d04d","modified":1567138467319},{"_id":"themes/pure/languages/default.yml","hash":"167ea0db98f4db156ea68c4644f64c0287ae2b6f","modified":1567138467334},{"_id":"themes/pure/languages/en.yml","hash":"167ea0db98f4db156ea68c4644f64c0287ae2b6f","modified":1567138467335},{"_id":"themes/pure/languages/zh-CN.yml","hash":"057ebc043f09449af9768791c89c86dfc2938365","modified":1567138467335},{"_id":"themes/pure/languages/zh-TW.yml","hash":"6d27c3114be539b8783ffce944f68b2e26a8c3b9","modified":1567138467336},{"_id":"themes/pure/layout/about.ejs","hash":"4f5c769e183249b12eb9d3141432bc0039519730","modified":1567138467425},{"_id":"themes/pure/layout/archive.ejs","hash":"ded5d953b35666e30f4c6e48e2d2c62af8d95ebf","modified":1567138467427},{"_id":"themes/pure/layout/books.ejs","hash":"6c64719cd7071b5319b01339aa524fdaab391385","modified":1567138467428},{"_id":"themes/pure/layout/categories.ejs","hash":"22a2bc1712dd9ba1a3027e875d636132d334fb00","modified":1567138467429},{"_id":"themes/pure/layout/category.ejs","hash":"3ca5651bbce7b0c280c906468f2eb18c2e55ebcb","modified":1567138467429},{"_id":"themes/pure/layout/index.ejs","hash":"07825d8d8b21eb7b694f5585567b9df5c5a91a60","modified":1567138467431},{"_id":"themes/pure/layout/layout.ejs","hash":"a29ab2e881954a252bfc0dc1a7eb5aa52768dd2a","modified":1567138467432},{"_id":"themes/pure/layout/links.ejs","hash":"77c5d1561e2c606c5b3bb39610133d84324074df","modified":1567138467433},{"_id":"themes/pure/layout/page.ejs","hash":"5c27475c176627e6e2e6a16172eb6980e56bcaff","modified":1567138467434},{"_id":"themes/pure/layout/post.ejs","hash":"5c27475c176627e6e2e6a16172eb6980e56bcaff","modified":1567138467435},{"_id":"themes/pure/layout/repository.ejs","hash":"fe4b3e051a8b0debe9ee22c2cc2cc935d92ee23f","modified":1567138467435},{"_id":"themes/pure/layout/tag.ejs","hash":"df60564c162f7ad3422f8959dfea19351857a7cd","modified":1567138467436},{"_id":"themes/pure/layout/tags.ejs","hash":"29f19a6ed10f8b1f069259a7aeaaacddcfaa2ed4","modified":1567138467437},{"_id":"themes/pure/scripts/thumbnail.js","hash":"e667a611f9baac270281b765832020d50bf8fb7f","modified":1567138467450},{"_id":"themes/pure/source/favicon.png","hash":"89875d3b018552e396fc5f0bd8ff5d9f5d4a5d71","modified":1567138467454},{"_id":"themes/pure/screenshot/pure-theme-black.png","hash":"10b40f398af7eb7e8ba2bf2f2a959d8779fc1fe1","modified":1567138467441},{"_id":"themes/pure/screenshot/pure-theme-blue.png","hash":"6146890a68d5ea9d343c48d50151ddd5a2a1872c","modified":1567138467442},{"_id":"themes/pure/screenshot/pure-theme-green.png","hash":"12ec0c6033cb2762839fdf75434bbb4fbf946022","modified":1567138467443},{"_id":"themes/pure/screenshot/pure-theme-purple.png","hash":"9855d2eb0acd23370209354f232471df8f4f72e2","modified":1567138467444},{"_id":"themes/pure/screenshot/pure.png","hash":"8f4cfd8d7edfa4fbffdf375291302d9807f5cc1c","modified":1567138467444},{"_id":"themes/pure/.git/hooks/applypatch-msg.sample","hash":"4de88eb95a5e93fd27e78b5fb3b5231a8d8917dd","modified":1567138467296},{"_id":"themes/pure/.git/hooks/commit-msg.sample","hash":"ee1ed5aad98a435f2020b6de35c173b75d9affac","modified":1567138467296},{"_id":"themes/pure/.git/hooks/fsmonitor-watchman.sample","hash":"f7c0aa40cb0d620ff0bca3efe3521ec79e5d7156","modified":1567138467297},{"_id":"themes/pure/.git/hooks/post-update.sample","hash":"b614c2f63da7dca9f1db2e7ade61ef30448fc96c","modified":1567138467297},{"_id":"themes/pure/.git/hooks/pre-applypatch.sample","hash":"f208287c1a92525de9f5462e905a9d31de1e2d75","modified":1567138467298},{"_id":"themes/pure/.git/hooks/pre-commit.sample","hash":"33729ad4ce51acda35094e581e4088f3167a0af8","modified":1567138467298},{"_id":"themes/pure/.git/hooks/pre-receive.sample","hash":"705a17d259e7896f0082fe2e9f2c0c3b127be5ac","modified":1567138467300},{"_id":"themes/pure/.git/hooks/pre-rebase.sample","hash":"288efdc0027db4cfd8b7c47c4aeddba09b6ded12","modified":1567138467300},{"_id":"themes/pure/.git/hooks/pre-push.sample","hash":"5c8518bfd1d1d3d2c1a7194994c0a16d8a313a41","modified":1567138467299},{"_id":"themes/pure/.git/hooks/prepare-commit-msg.sample","hash":"2584806ba147152ae005cb675aa4f01d5d068456","modified":1567138467301},{"_id":"themes/pure/.git/hooks/update.sample","hash":"e729cd61b27c128951d139de8e7c63d1a3758dde","modified":1567138467301},{"_id":"themes/pure/.git/logs/HEAD","hash":"dfd82f6bcfce4d50f2f6246ea3bd79427107c022","modified":1567138467304},{"_id":"themes/pure/.git/info/exclude","hash":"bb5a85730dcf100facee799c05cc4f6affec0745","modified":1567138467303},{"_id":"themes/pure/_source/404/index.md","hash":"8d493f624fdd29c8d0266767e56f343d549e16d8","modified":1567138467325},{"_id":"themes/pure/_source/_data/gallery.yml","hash":"e2b3fad87be3d1cfde1effa655d39678ee90907e","modified":1567138467326},{"_id":"themes/pure/_source/_data/links.yml","hash":"aa443a4508550820c77c2a4f6abff1d38ad85054","modified":1567138467327},{"_id":"themes/pure/_source/about/index.md","hash":"9c95cabb533409d06daefc4295021ad199761efc","modified":1567138467328},{"_id":"themes/pure/_source/books/index.md","hash":"cf4163959c23244059cbbbc1c0fe379cc3b2cb73","modified":1567138467329},{"_id":"themes/pure/_source/categories/index.md","hash":"5d2a4f103d27bebbe3eef1604649d0f5c6d86ac6","modified":1567138467330},{"_id":"themes/pure/_source/links/index.md","hash":"febcf87eb0ab3c5080578275d25f3970bba39625","modified":1567138467330},{"_id":"themes/pure/_source/repository/index.md","hash":"ed0e082c30f233dd5c140d188f1e4bce44bdbf79","modified":1567138467331},{"_id":"themes/pure/_source/tags/index.md","hash":"42e9c904ea63b0a7dd4033e2e8f153225bc5cda5","modified":1567138467332},{"_id":"themes/pure/layout/_common/head.ejs","hash":"a48ef0fa22712b29ec044b9e5134461f3a21c10d","modified":1567138467340},{"_id":"themes/pure/layout/_common/footer.ejs","hash":"cdc48ec70d9202b947f2a9334234d038d7014a7d","modified":1567138467338},{"_id":"themes/pure/layout/_common/header.ejs","hash":"3d739d1e2b2991927c08ec222db123830a44a519","modified":1567138467341},{"_id":"themes/pure/layout/_common/script.ejs","hash":"0031114d2a58f8601c2869f78ceedc75a10be90d","modified":1567138467341},{"_id":"themes/pure/layout/_common/social.ejs","hash":"a35a2610e9da762df96587b76b51470507a88cad","modified":1567138467342},{"_id":"themes/pure/layout/_partial/archive-book.ejs","hash":"977f97f3636947006ad738e502858c46d4cd5ec7","modified":1567138467344},{"_id":"themes/pure/layout/_partial/archive-category.ejs","hash":"9c364fd6b5172890784141802f5f466241d233fd","modified":1567138467344},{"_id":"themes/pure/layout/_partial/archive-link.ejs","hash":"fe4d9bf526d8176683cea89b8561ced571374db0","modified":1567138467345},{"_id":"themes/pure/layout/_partial/archive-list.ejs","hash":"c66c86d6a6a90e00494c380603426fc0f4006311","modified":1567138467346},{"_id":"themes/pure/layout/_partial/archive-post.ejs","hash":"13039fec017332029122ef99901755fcecbfc8ea","modified":1567138467346},{"_id":"themes/pure/layout/_partial/archive-repository.ejs","hash":"e39dc762d9fe238cede462532e40eaa3d8651122","modified":1567138467347},{"_id":"themes/pure/layout/_partial/archive-tag.ejs","hash":"5de90244c3cedad531cccc03c40e5f9a3aef3c61","modified":1567138467348},{"_id":"themes/pure/layout/_partial/archive.ejs","hash":"4d6793f50d41fbd47dc50aa36b24d496006bba6c","modified":1567138467349},{"_id":"themes/pure/layout/_partial/article-about.ejs","hash":"7b80319daeb63401d1745b81cd9a6d1d21a4fb60","modified":1567138467350},{"_id":"themes/pure/layout/_partial/article.ejs","hash":"0f9b71de0087d1f777d92c5a0f3873971aec5a5b","modified":1567138467351},{"_id":"themes/pure/layout/_partial/item-post.ejs","hash":"9f755b0da1ea928dece32c2050d8a04b3a9fb13b","modified":1567138467352},{"_id":"themes/pure/layout/_partial/pagination.ejs","hash":"41a319642da5af07d6cfb8525796aa610b721879","modified":1567138467353},{"_id":"themes/pure/layout/_partial/sidebar-about.ejs","hash":"e10ea0176ba87e64888234bafedc01c92544352c","modified":1567138467368},{"_id":"themes/pure/layout/_partial/sidebar-toc.ejs","hash":"152538ceceb0fdef65c46470ebf0189f7b891c5b","modified":1567138467370},{"_id":"themes/pure/layout/_partial/sidebar.ejs","hash":"2aa8a9f90838e7c105e75e6d3d03cbf860bb1239","modified":1567138467371},{"_id":"themes/pure/layout/_script/analytics.ejs","hash":"e756a81f8c20a187fb863b9689f2f1fa15e2f4e1","modified":1567138467400},{"_id":"themes/pure/layout/_script/comment.ejs","hash":"6f951510bab9dc15474b6664e0329defccf29a30","modified":1567138467402},{"_id":"themes/pure/layout/_script/douban.ejs","hash":"143087db0573772b0bdaf7f93312553158942ec7","modified":1567138467403},{"_id":"themes/pure/layout/_script/fancybox.ejs","hash":"8f1be01e70a15b2c31ae57d8c6bce54622ebf8a7","modified":1567138467404},{"_id":"themes/pure/layout/_script/mathjax.ejs","hash":"f618393ab971b2faa80d541f2e6a553d9ace9816","modified":1567138467405},{"_id":"themes/pure/layout/_script/pv.ejs","hash":"fb9b5f16029f2ccef4b83cf4facfdcdd748b65b4","modified":1567138467407},{"_id":"themes/pure/layout/_script/repository.ejs","hash":"14f2e7d4c1055ff6a5f5867dc0e9a9f6f4c28fe1","modified":1567138467408},{"_id":"themes/pure/layout/_script/search.ejs","hash":"7be33dc260ce788aa1a2cd3bd0386d95057533cb","modified":1567138467409},{"_id":"themes/pure/layout/_search/baidu.ejs","hash":"67aab280a3ea34429f086cc5c3de7de17727c567","modified":1567138467412},{"_id":"themes/pure/layout/_search/index-mobile.ejs","hash":"c726e234c0166da69fdfbd3dd613a5eaf4c80258","modified":1567138467413},{"_id":"themes/pure/layout/_search/index.ejs","hash":"f8d5a9c3f777250f5fb6512bba585307f784d5cd","modified":1567138467414},{"_id":"themes/pure/layout/_search/insight.ejs","hash":"4af3e92ef98bedba9680d45699cb04dde4640536","modified":1567138467415},{"_id":"themes/pure/layout/_search/swiftype.ejs","hash":"4baeca36e410181300ae7d47ba1fb4755bcfcff0","modified":1567138467416},{"_id":"themes/pure/layout/_widget/archive.ejs","hash":"af8ad7f62877764b75d5272d9d899fd6c8e3845c","modified":1567138467419},{"_id":"themes/pure/layout/_widget/board.ejs","hash":"acd27451be52703e670ce0b313f2da6fa24071e4","modified":1567138467420},{"_id":"themes/pure/layout/_widget/category.ejs","hash":"331b7642a0f58b9088b937436ab39076a4c5dd7e","modified":1567138467421},{"_id":"themes/pure/layout/_widget/recent_posts.ejs","hash":"8942d60311797a591ba2d157c5cdd23e85ceb694","modified":1567138467422},{"_id":"themes/pure/layout/_widget/tag.ejs","hash":"487628925da5fcac91463cdad3d9e55d071bd5ed","modified":1567138467423},{"_id":"themes/pure/layout/_widget/tagcloud.ejs","hash":"3291108e5411c48b2c5b3e17adace6ffa90d1c29","modified":1567138467424},{"_id":"themes/pure/source/fonts/README.md","hash":"c5772b99ad81291fb137b330813f866bdceea0a3","modified":1567138467457},{"_id":"themes/pure/source/fonts/iconfont.eot","hash":"6819d9bb643bdeafc17bfecb0746ae641b018fdf","modified":1567138467458},{"_id":"themes/pure/source/fonts/iconfont.woff","hash":"78d29194287b8885d25212048c4f787705212a6e","modified":1567138467464},{"_id":"themes/pure/source/fonts/iconfont.ttf","hash":"9b8837f9f79cf6ab794736301d0665345183a20c","modified":1567138467463},{"_id":"themes/pure/source/images/avatar.jpg","hash":"f86eafc318f3900319b25057811720168f24d248","modified":1567138467466},{"_id":"themes/pure/source/images/thumb-default.png","hash":"e8403b97ed9251f9f5207765b0ce796c5000b4ba","modified":1567138467474},{"_id":"themes/pure/source/images/xingqiu-qrcode.jpg","hash":"ef2c2848dc79db6df7c752510651ed8ba57f2daf","modified":1567138467475},{"_id":"themes/pure/source/js/application.js","hash":"46d1fb207ce5f0acb83803f927985dfcea86f9ef","modified":1567138467478},{"_id":"themes/pure/source/js/application.min.js","hash":"34d765e982c7d6360c37f82202d99f63ac40e408","modified":1567138467479},{"_id":"themes/pure/source/js/insight.js","hash":"298e8ca42517984bd26f34caa4c45560b0e909ad","modified":1567138467479},{"_id":"themes/pure/source/js/plugin.js","hash":"a8524d42b8621bfaa06602a163c6a1f82702b91d","modified":1567138467482},{"_id":"themes/pure/source/js/plugin.min.js","hash":"07fe34638f9832702c5f81d8583c5e4e8b3d9659","modified":1567138467486},{"_id":"themes/pure/.git/refs/heads/master","hash":"27b3e45c36f92e067332428d34c55b39077e0068","modified":1567138467321},{"_id":"themes/pure/layout/_partial/post/category.ejs","hash":"fcee6b4aef8b6c4627831ff8dbb2d73478511426","modified":1567138467354},{"_id":"themes/pure/layout/_partial/post/comment.ejs","hash":"3c0da69fcea6ccfd97b82d50e740107a88eec5c4","modified":1567138467355},{"_id":"themes/pure/layout/_partial/post/copyright.ejs","hash":"a9d3d05428e5844a07706c7fcfeb842e44a36a64","modified":1567138467356},{"_id":"themes/pure/layout/_partial/post/date.ejs","hash":"7d4979652998abf92a64bfae8157b70d6e514057","modified":1567138467357},{"_id":"themes/pure/layout/_partial/post/donate.ejs","hash":"a251dc34d660601a2e8b7d98b3bfe2b9023dbbce","modified":1567138467358},{"_id":"themes/pure/layout/_partial/post/gallery.ejs","hash":"3d9d81a3c693ff2378ef06ddb6810254e509de5b","modified":1567138467359},{"_id":"themes/pure/layout/_partial/post/nav.ejs","hash":"95eabc0fe4033ec61b240a16eeaf7dc62a9e3da1","modified":1567138467360},{"_id":"themes/pure/layout/_partial/post/pv.ejs","hash":"ec3ccf322432afc2761f860c5a3000ac34d46e4c","modified":1567138467361},{"_id":"themes/pure/layout/_partial/post/tag.ejs","hash":"39f53ead07f75c181a7ba93e586dd1b8171620f1","modified":1567138467362},{"_id":"themes/pure/layout/_partial/post/thumbnail.ejs","hash":"080d5c5f3e95accf51893a7092695fe32d34a087","modified":1567138467364},{"_id":"themes/pure/layout/_partial/post/title.ejs","hash":"2f275739b6f1193c123646a5a31f37d48644c667","modified":1567138467365},{"_id":"themes/pure/layout/_partial/post/wordcount.ejs","hash":"bd06c4c8449ed96aabf655fe1ae3be1f0707b81e","modified":1567138467367},{"_id":"themes/pure/layout/_script/_analytics/baidu-analytics.ejs","hash":"f314be7860c1d5930f1600d010e3120ba5c85325","modified":1567138467377},{"_id":"themes/pure/layout/_script/_analytics/google-analytics.ejs","hash":"54f1dc9375cbdb65464e0ac1b58847aa5e8bc6a5","modified":1567138467378},{"_id":"themes/pure/layout/_script/_analytics/tencent-analytics.ejs","hash":"77defb41a1613a758ff5a6a5128c6107fc584190","modified":1567138467380},{"_id":"themes/pure/layout/_script/_comment/disqus.ejs","hash":"a051e3eddc75586e69131c29ab8c89d69626e0fd","modified":1567138467384},{"_id":"themes/pure/layout/_script/_comment/gitalk.ejs","hash":"fb01f1631c3ae7fe6211dc03233506cb344229be","modified":1567138467387},{"_id":"themes/pure/layout/_script/_comment/gitment.ejs","hash":"a64852076483395738a398deb4c10bdb0f3b7b71","modified":1567138467389},{"_id":"themes/pure/layout/_script/_comment/livere.ejs","hash":"5ab997d5ee4475d2f89f882fab4a52648dbe0e30","modified":1567138467391},{"_id":"themes/pure/layout/_script/_comment/valine.ejs","hash":"acf81f9a59dc45f197d723f70484de5fcd166577","modified":1567138467393},{"_id":"themes/pure/layout/_script/_comment/youyan.ejs","hash":"095649a173573d03b5845c2e331ec7be976b152a","modified":1567138467394},{"_id":"themes/pure/layout/_script/_search/baidu.ejs","hash":"9b60ffa2e2725a993e9cecfb81ddedd9b9361011","modified":1567138467397},{"_id":"themes/pure/layout/_script/_search/insight.ejs","hash":"3543c11d060feaf9381b5d87564b01ffef0e0a59","modified":1567138467399},{"_id":"themes/pure/source/css/style.min.css","hash":"1d23abc76726ebe042f7df4749f00f8f73338444","modified":1567138467453},{"_id":"themes/pure/source/images/donate/alipayimg.png","hash":"9562f23f2eb57841c65dc769b6cc43a2cf0efa94","modified":1567138467468},{"_id":"themes/pure/source/images/donate/wechatpayimg.png","hash":"c0844d9a633696cb00ae64fde06f0f924f63b596","modified":1567138467469},{"_id":"themes/pure/source/images/favatar/SzsFox-logo.png","hash":"d71fcc73b7bc2a439d8c7ba461137856d190bd76","modified":1567138467472},{"_id":"themes/pure/source/images/favatar/chuangzaoshi-logo.png","hash":"7fa5734072050952159a02d330bbc008b5a99122","modified":1567138467473},{"_id":"themes/pure/source/images/favatar/idesign-logo.png","hash":"6b150a2dbb9912b7a7662255c27e4d4baaecee71","modified":1567138467474},{"_id":"themes/pure/source/js/jquery.min.js","hash":"5a9dcfbef655a2668e78baebeaa8dc6f41d8dabb","modified":1567138467480},{"_id":"themes/pure/source/js/plugin.js.map","hash":"1730c0cc660f863120aca0a439d7264e2e245fc5","modified":1567138467483},{"_id":"themes/pure/.git/objects/pack/pack-0ccf01d629775def8749e031b49099f0f619f08d.idx","hash":"8e505a24fc38d466f1cdbc02d7d2dd116fbe0f5e","modified":1567138467310},{"_id":"themes/pure/source/css/style.css","hash":"3b693ce41c2e35ece4773593e94b4c17aeaee02f","modified":1567138467452},{"_id":"themes/pure/source/fonts/iconfont.svg","hash":"25929e6e74f7027acd1f6467a67e95b153bcd8d5","modified":1567138467461},{"_id":"themes/pure/.git/logs/refs/heads/master","hash":"dfd82f6bcfce4d50f2f6246ea3bd79427107c022","modified":1567138467306},{"_id":"themes/pure/.git/refs/remotes/origin/HEAD","hash":"d9427cda09aba1cdde5c69c2b13c905bddb0bc51","modified":1567138467322},{"_id":"themes/pure/.git/logs/refs/remotes/origin/HEAD","hash":"dfd82f6bcfce4d50f2f6246ea3bd79427107c022","modified":1567138467308},{"_id":"themes/pure/screenshot/pure.psd","hash":"a31cea40b45bdc31f051fca2f1e2f4ecbaee1a94","modified":1567138467448},{"_id":"themes/pure/.git/objects/pack/pack-0ccf01d629775def8749e031b49099f0f619f08d.pack","hash":"87343c98974fb598862c7d0717502e228ca0069b","modified":1567138467318},{"_id":"public/index.html","hash":"a8fa80622efdb4795a7603570a525e99ca64e539","modified":1567159108645},{"_id":"public/archives/index.html","hash":"7f355d9eda175563398e4ff68bc5f6df84c4bf94","modified":1567159108645},{"_id":"public/archives/2019/index.html","hash":"bfd436f67ff6bf06b74ec9446d6d1274512216ae","modified":1567159108645},{"_id":"public/archives/2019/08/index.html","hash":"77040126aca43aac50654a35fb08050892e1596f","modified":1567159108645},{"_id":"public/2019/08/30/hello-world/index.html","hash":"5fc524a56d3bc0a2f76ba2f9c858863b72ec9d7a","modified":1567159108645},{"_id":"public/favicon.png","hash":"89875d3b018552e396fc5f0bd8ff5d9f5d4a5d71","modified":1567159108648},{"_id":"public/fonts/iconfont.woff","hash":"78d29194287b8885d25212048c4f787705212a6e","modified":1567159108648},{"_id":"public/fonts/iconfont.ttf","hash":"9b8837f9f79cf6ab794736301d0665345183a20c","modified":1567159108648},{"_id":"public/images/avatar.jpg","hash":"f86eafc318f3900319b25057811720168f24d248","modified":1567159108648},{"_id":"public/images/thumb-default.png","hash":"e8403b97ed9251f9f5207765b0ce796c5000b4ba","modified":1567159108648},{"_id":"public/images/xingqiu-qrcode.jpg","hash":"ef2c2848dc79db6df7c752510651ed8ba57f2daf","modified":1567159108648},{"_id":"public/images/donate/alipayimg.png","hash":"9562f23f2eb57841c65dc769b6cc43a2cf0efa94","modified":1567159108648},{"_id":"public/images/donate/wechatpayimg.png","hash":"c0844d9a633696cb00ae64fde06f0f924f63b596","modified":1567159108648},{"_id":"public/images/favatar/chuangzaoshi-logo.png","hash":"7fa5734072050952159a02d330bbc008b5a99122","modified":1567159108648},{"_id":"public/images/favatar/SzsFox-logo.png","hash":"d71fcc73b7bc2a439d8c7ba461137856d190bd76","modified":1567159108648},{"_id":"public/images/favatar/idesign-logo.png","hash":"6b150a2dbb9912b7a7662255c27e4d4baaecee71","modified":1567159108648},{"_id":"public/fonts/iconfont.eot","hash":"6819d9bb643bdeafc17bfecb0746ae641b018fdf","modified":1567159108652},{"_id":"public/js/application.min.js","hash":"34d765e982c7d6360c37f82202d99f63ac40e408","modified":1567159108656},{"_id":"public/js/application.js","hash":"46d1fb207ce5f0acb83803f927985dfcea86f9ef","modified":1567159108656},{"_id":"public/js/insight.js","hash":"298e8ca42517984bd26f34caa4c45560b0e909ad","modified":1567159108656},{"_id":"public/fonts/README.html","hash":"7c1128fed284d2fb7fee743e8a739da99385b358","modified":1567159108656},{"_id":"public/js/plugin.js","hash":"a8524d42b8621bfaa06602a163c6a1f82702b91d","modified":1567159108656},{"_id":"public/css/style.min.css","hash":"1d23abc76726ebe042f7df4749f00f8f73338444","modified":1567159108656},{"_id":"public/js/plugin.min.js","hash":"07fe34638f9832702c5f81d8583c5e4e8b3d9659","modified":1567159108656},{"_id":"public/js/jquery.min.js","hash":"5a9dcfbef655a2668e78baebeaa8dc6f41d8dabb","modified":1567159108657},{"_id":"public/css/style.css","hash":"3b693ce41c2e35ece4773593e94b4c17aeaee02f","modified":1567159108657},{"_id":"public/js/plugin.js.map","hash":"1730c0cc660f863120aca0a439d7264e2e245fc5","modified":1567159108657},{"_id":"public/fonts/iconfont.svg","hash":"25929e6e74f7027acd1f6467a67e95b153bcd8d5","modified":1567159108657}],"Category":[],"Data":[],"Page":[],"Post":[{"title":"Hello World","_content":"Welcome to [Hexo](https://hexo.io/)! This is your very first post. Check [documentation](https://hexo.io/docs/) for more info. If you get any problems when using Hexo, you can find the answer in [troubleshooting](https://hexo.io/docs/troubleshooting.html) or you can ask me on [GitHub](https://github.com/hexojs/hexo/issues).\n\n## Quick Start\n\n### Create a new post\n\n``` bash\n$ hexo new \"My New Post\"\n```\n\nMore info: [Writing](https://hexo.io/docs/writing.html)\n\n### Run server\n\n``` bash\n$ hexo server\n```\n\nMore info: [Server](https://hexo.io/docs/server.html)\n\n### Generate static files\n\n``` bash\n$ hexo generate\n```\n\nMore info: [Generating](https://hexo.io/docs/generating.html)\n\n### Deploy to remote sites\n\n``` bash\n$ hexo deploy\n```\n\nMore info: [Deployment](https://hexo.io/docs/deployment.html)\n","source":"_posts/hello-world.md","raw":"---\ntitle: Hello World\n---\nWelcome to [Hexo](https://hexo.io/)! This is your very first post. Check [documentation](https://hexo.io/docs/) for more info. If you get any problems when using Hexo, you can find the answer in [troubleshooting](https://hexo.io/docs/troubleshooting.html) or you can ask me on [GitHub](https://github.com/hexojs/hexo/issues).\n\n## Quick Start\n\n### Create a new post\n\n``` bash\n$ hexo new \"My New Post\"\n```\n\nMore info: [Writing](https://hexo.io/docs/writing.html)\n\n### Run server\n\n``` bash\n$ hexo server\n```\n\nMore info: [Server](https://hexo.io/docs/server.html)\n\n### Generate static files\n\n``` bash\n$ hexo generate\n```\n\nMore info: [Generating](https://hexo.io/docs/generating.html)\n\n### Deploy to remote sites\n\n``` bash\n$ hexo deploy\n```\n\nMore info: [Deployment](https://hexo.io/docs/deployment.html)\n","slug":"hello-world","published":1,"date":"2019-08-30T03:22:34.241Z","updated":"2019-08-30T03:22:34.241Z","comments":1,"layout":"post","photos":[],"link":"","_id":"cjzxy2iwg00004cxq20j3zfqz","content":"<p>Welcome to <a href=\"https://hexo.io/\" target=\"_blank\" rel=\"noopener\">Hexo</a>! This is your very first post. Check <a href=\"https://hexo.io/docs/\" target=\"_blank\" rel=\"noopener\">documentation</a> for more info. If you get any problems when using Hexo, you can find the answer in <a href=\"https://hexo.io/docs/troubleshooting.html\" target=\"_blank\" rel=\"noopener\">troubleshooting</a> or you can ask me on <a href=\"https://github.com/hexojs/hexo/issues\" target=\"_blank\" rel=\"noopener\">GitHub</a>.</p>\n<h2 id=\"Quick-Start\"><a href=\"#Quick-Start\" class=\"headerlink\" title=\"Quick Start\"></a>Quick Start</h2><h3 id=\"Create-a-new-post\"><a href=\"#Create-a-new-post\" class=\"headerlink\" title=\"Create a new post\"></a>Create a new post</h3><figure class=\"highlight bash\"><table><tr><td class=\"gutter\"><pre><span class=\"line\">1</span><br></pre></td><td class=\"code\"><pre><span class=\"line\">$ hexo new <span class=\"string\">\"My New Post\"</span></span><br></pre></td></tr></table></figure>\n\n<p>More info: <a href=\"https://hexo.io/docs/writing.html\" target=\"_blank\" rel=\"noopener\">Writing</a></p>\n<h3 id=\"Run-server\"><a href=\"#Run-server\" class=\"headerlink\" title=\"Run server\"></a>Run server</h3><figure class=\"highlight bash\"><table><tr><td class=\"gutter\"><pre><span class=\"line\">1</span><br></pre></td><td class=\"code\"><pre><span class=\"line\">$ hexo server</span><br></pre></td></tr></table></figure>\n\n<p>More info: <a href=\"https://hexo.io/docs/server.html\" target=\"_blank\" rel=\"noopener\">Server</a></p>\n<h3 id=\"Generate-static-files\"><a href=\"#Generate-static-files\" class=\"headerlink\" title=\"Generate static files\"></a>Generate static files</h3><figure class=\"highlight bash\"><table><tr><td class=\"gutter\"><pre><span class=\"line\">1</span><br></pre></td><td class=\"code\"><pre><span class=\"line\">$ hexo generate</span><br></pre></td></tr></table></figure>\n\n<p>More info: <a href=\"https://hexo.io/docs/generating.html\" target=\"_blank\" rel=\"noopener\">Generating</a></p>\n<h3 id=\"Deploy-to-remote-sites\"><a href=\"#Deploy-to-remote-sites\" class=\"headerlink\" title=\"Deploy to remote sites\"></a>Deploy to remote sites</h3><figure class=\"highlight bash\"><table><tr><td class=\"gutter\"><pre><span class=\"line\">1</span><br></pre></td><td class=\"code\"><pre><span class=\"line\">$ hexo deploy</span><br></pre></td></tr></table></figure>\n\n<p>More info: <a href=\"https://hexo.io/docs/deployment.html\" target=\"_blank\" rel=\"noopener\">Deployment</a></p>\n","site":{"data":{}},"excerpt":"","more":"<p>Welcome to <a href=\"https://hexo.io/\" target=\"_blank\" rel=\"noopener\">Hexo</a>! This is your very first post. Check <a href=\"https://hexo.io/docs/\" target=\"_blank\" rel=\"noopener\">documentation</a> for more info. If you get any problems when using Hexo, you can find the answer in <a href=\"https://hexo.io/docs/troubleshooting.html\" target=\"_blank\" rel=\"noopener\">troubleshooting</a> or you can ask me on <a href=\"https://github.com/hexojs/hexo/issues\" target=\"_blank\" rel=\"noopener\">GitHub</a>.</p>\n<h2 id=\"Quick-Start\"><a href=\"#Quick-Start\" class=\"headerlink\" title=\"Quick Start\"></a>Quick Start</h2><h3 id=\"Create-a-new-post\"><a href=\"#Create-a-new-post\" class=\"headerlink\" title=\"Create a new post\"></a>Create a new post</h3><figure class=\"highlight bash\"><table><tr><td class=\"gutter\"><pre><span class=\"line\">1</span><br></pre></td><td class=\"code\"><pre><span class=\"line\">$ hexo new <span class=\"string\">\"My New Post\"</span></span><br></pre></td></tr></table></figure>\n\n<p>More info: <a href=\"https://hexo.io/docs/writing.html\" target=\"_blank\" rel=\"noopener\">Writing</a></p>\n<h3 id=\"Run-server\"><a href=\"#Run-server\" class=\"headerlink\" title=\"Run server\"></a>Run server</h3><figure class=\"highlight bash\"><table><tr><td class=\"gutter\"><pre><span class=\"line\">1</span><br></pre></td><td class=\"code\"><pre><span class=\"line\">$ hexo server</span><br></pre></td></tr></table></figure>\n\n<p>More info: <a href=\"https://hexo.io/docs/server.html\" target=\"_blank\" rel=\"noopener\">Server</a></p>\n<h3 id=\"Generate-static-files\"><a href=\"#Generate-static-files\" class=\"headerlink\" title=\"Generate static files\"></a>Generate static files</h3><figure class=\"highlight bash\"><table><tr><td class=\"gutter\"><pre><span class=\"line\">1</span><br></pre></td><td class=\"code\"><pre><span class=\"line\">$ hexo generate</span><br></pre></td></tr></table></figure>\n\n<p>More info: <a href=\"https://hexo.io/docs/generating.html\" target=\"_blank\" rel=\"noopener\">Generating</a></p>\n<h3 id=\"Deploy-to-remote-sites\"><a href=\"#Deploy-to-remote-sites\" class=\"headerlink\" title=\"Deploy to remote sites\"></a>Deploy to remote sites</h3><figure class=\"highlight bash\"><table><tr><td class=\"gutter\"><pre><span class=\"line\">1</span><br></pre></td><td class=\"code\"><pre><span class=\"line\">$ hexo deploy</span><br></pre></td></tr></table></figure>\n\n<p>More info: <a href=\"https://hexo.io/docs/deployment.html\" target=\"_blank\" rel=\"noopener\">Deployment</a></p>\n"}],"PostAsset":[],"PostCategory":[],"PostTag":[],"Tag":[]}}